ticket_id,short_description,description,created_date,priority,status,assigned_group,ci_name,resolution
INC0001,VPN not working after Windows update,User reported VPN stopped connecting after latest Windows update was applied. Authentication times out.,2026-01-02,High,Resolved,Network Team,Cisco VPN Gateway,Reinstalled VPN client and cleared credential cache after update.
INC0002,Cannot connect to VPN from home,Remote worker unable to establish VPN connection from home network. Gets auth error.,2026-01-03,High,Resolved,Network Team,Cisco VPN Gateway,Reset VPN profile and re-enrolled MFA token.
INC0003,VPN authentication failed,VPN login fails with authentication error. Password confirmed correct.,2026-01-04,High,Resolved,Network Team,Cisco VPN Gateway,Reset user password and VPN profile. MFA re-enrollment required.
INC0004,VPN drops connection intermittently,VPN connection drops every 20-30 minutes. User has to reconnect manually.,2026-01-05,Medium,Resolved,Network Team,Cisco VPN Gateway,Updated VPN client to latest version and adjusted timeout settings.
INC0005,Unable to authenticate to VPN,User gets authentication failure when connecting to corporate VPN. MFA not triggering.,2026-01-06,High,Resolved,Network Team,Cisco VPN Gateway,Re-enrolled user MFA device and reset VPN credentials.
INC0006,Outlook not opening on startup,Microsoft Outlook fails to launch on Windows startup. Shows loading screen then crashes.,2026-01-07,Medium,Resolved,Desktop Support,Microsoft Exchange,Repaired Office installation via control panel.
INC0007,Outlook keeps crashing,Outlook crashes randomly throughout the day. Event logs show memory error.,2026-01-08,High,Resolved,Desktop Support,Microsoft Exchange,Updated Outlook to latest patch and disabled problematic add-ins.
INC0008,Cannot open Outlook emails,User unable to open email attachments in Outlook. Application becomes unresponsive.,2026-01-09,Medium,Resolved,Desktop Support,Microsoft Exchange,Cleared Outlook cache and rebuilt profile.
INC0009,Outlook freezes when sending email,Outlook hangs when user tries to send emails with attachments larger than 5MB.,2026-01-10,Medium,Resolved,Desktop Support,Microsoft Exchange,Configured attachment size limit and cleared send/receive cache.
INC0010,Outlook profile corrupted,Outlook shows profile error on startup. Cannot access mailbox.,2026-01-11,High,Resolved,Desktop Support,Microsoft Exchange,Created new Outlook profile and migrated mailbox data.
INC0011,Cannot login to Windows,User locked out of Windows. Password not accepted at login screen.,2026-01-12,Critical,Resolved,Desktop Support,Active Directory,Reset user password in Active Directory and unlocked account.
INC0012,Windows login screen not loading,Login screen freezes after entering credentials. System becomes unresponsive.,2026-01-13,High,Resolved,Desktop Support,Active Directory,Repaired Windows boot configuration and reset user profile.
INC0013,Account locked out of Windows,User account locked after multiple failed login attempts.,2026-01-14,High,Resolved,Desktop Support,Active Directory,Unlocked Active Directory account and reset password.
INC0014,Windows password expired cannot login,User password expired and cannot log in. Self-service portal not accessible.,2026-01-15,Medium,Resolved,Desktop Support,Active Directory,Reset password via admin console and enabled temporary access.
INC0015,Multi-factor authentication not working for Windows login,MFA prompt not appearing during Windows login. User bypassing second factor.,2026-01-16,Critical,Resolved,Security Team,Active Directory,Re-enrolled user in MFA system and verified policy enforcement.
INC0016,Printer not printing,Office printer queue shows jobs stuck. Nothing prints.,2026-01-17,Medium,Resolved,Desktop Support,HP LaserJet Pro,Cleared print queue and restarted print spooler service.
INC0017,Cannot connect to network printer,User unable to add shared network printer. Driver installation fails.,2026-01-18,Low,Resolved,Desktop Support,HP LaserJet Pro,Manually installed correct print driver and re-mapped shared printer.
INC0018,Printer driver installation failed,New printer driver fails to install on Windows 11. Error code 0x000003e3.,2026-01-19,Medium,Resolved,Desktop Support,HP LaserJet Pro,Downloaded driver from manufacturer site and installed in compatibility mode.
INC0019,Printer shows offline status,Printer appears offline in Windows despite being powered on and connected.,2026-01-20,Low,Resolved,Desktop Support,HP LaserJet Pro,Reset TCP/IP port for printer and cleared spooler queue.
INC0020,Print jobs stuck in queue,Multiple print jobs stuck in queue. Printer showing as busy but not printing.,2026-01-21,Medium,Resolved,Desktop Support,HP LaserJet Pro,Restarted print spooler service and cleared all stuck jobs.
INC0021,SharePoint access denied,User receives access denied when navigating to SharePoint team site.,2026-01-22,Medium,Resolved,Cloud Team,Microsoft SharePoint,Granted user appropriate SharePoint permissions and cleared browser cache.
INC0022,Cannot upload files to SharePoint,File upload to SharePoint library fails with permission error.,2026-01-23,Medium,Resolved,Cloud Team,Microsoft SharePoint,Fixed SharePoint library permissions and re-enabled versioning.
INC0023,SharePoint site not loading,SharePoint site shows blank page or fails to load in browser.,2026-01-24,High,Resolved,Cloud Team,Microsoft SharePoint,Identified broken web part and restored from previous version.
INC0024,SharePoint search not returning results,SharePoint search returns no results for documents known to exist.,2026-01-25,Low,Resolved,Cloud Team,Microsoft SharePoint,Triggered search index rebuild and recrawl of document library.
INC0025,Cannot sync SharePoint folder to desktop,SharePoint OneDrive sync fails with conflict errors.,2026-01-26,Medium,Resolved,Cloud Team,Microsoft SharePoint,Reset OneDrive sync client and re-established SharePoint connection.
INC0026,Laptop very slow performance,User laptop takes 10+ minutes to boot and applications run extremely slowly.,2026-01-27,Medium,Resolved,Desktop Support,Dell Latitude 5520,Removed malware, disabled startup programs, and upgraded RAM.
INC0027,Computer running slow after update,PC performance degraded significantly after Windows feature update.,2026-01-28,Medium,Resolved,Desktop Support,Dell Latitude 5520,Rolled back problematic update and optimised startup configuration.
INC0028,High CPU usage causing slowness,CPU usage at 100% constantly. System barely usable.,2026-01-29,High,Resolved,Desktop Support,Dell Latitude 5520,Identified rogue process consuming CPU and terminated it. Updated antivirus definitions.
INC0029,Application performance very slow,Business application taking 5+ minutes to load. Was working fine last week.,2026-01-30,Medium,Resolved,Desktop Support,Dell Latitude 5520,Cleared application cache and increased virtual memory allocation.
INC0030,Slow network performance on laptop,File transfers and web browsing very slow. Other devices on same network fine.,2026-01-31,Low,Resolved,Network Team,Dell Latitude 5520,Updated network adapter driver and reset TCP/IP stack.
INC0031,Email not syncing on mobile,Corporate email not syncing on iOS device. Inbox not updating.,2026-02-01,Medium,Resolved,Mobile Support,Microsoft Exchange,Re-configured Exchange ActiveSync profile on device.
INC0032,Mobile email stopped working,Email application on Android shows authentication error after password change.,2026-02-02,Medium,Resolved,Mobile Support,Microsoft Exchange,Updated email profile with new credentials and re-enrolled device.
INC0033,Cannot receive emails on phone,No new emails arriving on mobile device despite working on desktop.,2026-02-03,Low,Resolved,Mobile Support,Microsoft Exchange,Deleted and recreated email account on device with correct server settings.
INC0034,Corporate email deleted on phone,User accidentally deleted email account on mobile and cannot re-add.,2026-02-04,Low,Resolved,Mobile Support,Microsoft Exchange,Guided user through re-adding corporate email account with MFA.
INC0035,Email app crashing on mobile,Email application crashes immediately on launch on mobile device.,2026-02-05,Medium,Resolved,Mobile Support,Microsoft Exchange,Cleared app cache and updated to latest version of email client.
INC0036,Network drive not accessible,Mapped network drive shows disconnected. Cannot access shared files.,2026-02-06,High,Resolved,Network Team,File Server,Remapped network drive and updated group policy for persistent connections.
INC0037,Cannot map network drive,User unable to map new network drive. Credentials not accepted.,2026-02-07,Medium,Resolved,Network Team,File Server,Fixed user permissions on file server and remapped drive letter.
INC0038,Network share permission denied,Access denied when opening files on shared network drive.,2026-02-08,Medium,Resolved,Network Team,File Server,Corrected NTFS and share permissions for user group.
INC0039,Files missing from network drive,Several folders missing from network drive after server maintenance.,2026-02-09,Critical,Resolved,Network Team,File Server,Restored missing folders from backup. Verified data integrity.
INC0040,Network drive slow to load,Opening files from network drive takes very long. Local files fine.,2026-02-10,Low,Resolved,Network Team,File Server,Identified network bottleneck and optimised SMB settings.
INC0041,Software installation failed,Application installation fails at 60% with error code 1603.,2026-02-11,Medium,Resolved,Desktop Support,Software Distribution,Ran Windows Installer cleanup and reinstalled with elevated privileges.
INC0042,Cannot install new software,Software Center shows application as available but installation fails silently.,2026-02-11,Medium,Resolved,Desktop Support,Software Distribution,Re-targeted SCCM deployment and cleared client cache.
INC0043,Application install keeps failing,Third-party application installer crashes repeatedly during setup.,2026-02-12,Medium,Resolved,Desktop Support,Software Distribution,Installed required prerequisites and ran installer as administrator.
INC0044,Software update not applying,Mandatory software update shows as failed in management console.,2026-02-13,Low,Resolved,Desktop Support,Software Distribution,Manually triggered update via command line and verified installation.
INC0045,Antivirus not updating,Antivirus definitions out of date. Update mechanism failing.,2026-02-14,High,Resolved,Security Team,CrowdStrike Falcon,Re-registered agent with management console and forced definition update.
INC0046,WiFi connection dropping,Wireless connection drops intermittently throughout the day.,2026-02-15,Medium,Resolved,Network Team,Cisco WiFi Controller,Updated wireless adapter driver and adjusted power management settings.
INC0047,Cannot connect to office WiFi,Device cannot join corporate WiFi network. Authentication rejected.,2026-02-16,High,Resolved,Network Team,Cisco WiFi Controller,Re-issued WiFi certificate and updated 802.1x profile on device.
INC0048,WiFi speed very slow,Wireless network speeds very slow compared to wired connection.,2026-02-17,Low,Resolved,Network Team,Cisco WiFi Controller,Changed WiFi channel to reduce interference and upgraded to 5GHz band.
INC0049,Wireless network not visible,Corporate WiFi SSID not appearing in available networks on laptop.,2026-02-18,Medium,Resolved,Network Team,Cisco WiFi Controller,Enabled SSID broadcast on affected access point and updated firmware.
INC0050,WiFi authentication certificate expired,WiFi connection fails with certificate expired error.,2026-02-19,High,Resolved,Network Team,Cisco WiFi Controller,Renewed WiFi authentication certificate and pushed to devices via MDM.
INC0051,Password reset not working,Self-service password reset portal returns error when user attempts reset.,2026-02-20,High,Resolved,Desktop Support,Active Directory,Fixed SSPR configuration in Azure AD and verified user registration.
INC0052,Forgot password cannot login,User forgot password and cannot access self-service reset tool.,2026-02-21,High,Resolved,Desktop Support,Active Directory,Manually reset password via helpdesk and enrolled user in SSPR.
INC0053,Password complexity requirements blocking reset,Password reset rejected due to complexity policy. User confused by requirements.,2026-02-22,Low,Resolved,Desktop Support,Active Directory,Guided user through password requirements and completed reset.
INC0054,Account disabled after password attempts,User account disabled after too many failed password attempts.,2026-02-23,High,Resolved,Desktop Support,Active Directory,Re-enabled account and reset password. Advised on secure practices.
INC0055,MFA app not generating codes,Authenticator app not generating valid OTP codes. Always invalid.,2026-02-24,Critical,Resolved,Security Team,Active Directory,Re-enrolled user MFA device and re-synced authenticator app time.
INC0056,Database connection timeout,Application throws database connection timeout after 30 seconds.,2026-02-25,High,Resolved,Database Team,SQL Server,Increased connection pool size and optimised slow queries.
INC0057,Cannot connect to database,Application unable to establish connection to production database.,2026-02-26,Critical,Resolved,Database Team,SQL Server,Restarted SQL Server service and corrected firewall rules blocking port 1433.
INC0058,Database query very slow,Specific report query taking 45 minutes to complete. Was 2 minutes before.,2026-02-27,High,Resolved,Database Team,SQL Server,Added missing index on frequently queried column. Query now takes 3 seconds.
INC0059,SQL login failed for user,SQL Server authentication failing for application service account.,2026-02-28,High,Resolved,Database Team,SQL Server,Reset service account password and updated connection strings in application config.
INC0060,Database disk space critical,SQL Server database drive at 98% capacity. Alerts firing.,2026-02-28,Critical,Resolved,Database Team,SQL Server,Expanded database volume and implemented automated log truncation.
INC0061,Teams meeting audio not working,Microphone not detected in Microsoft Teams meetings.,2026-03-01,Medium,Resolved,Desktop Support,Microsoft Teams,Set correct default audio device in Windows and Teams settings.
INC0062,Cannot join Teams meeting,Teams meeting link opens browser instead of Teams app and fails to join.,2026-03-02,Medium,Resolved,Desktop Support,Microsoft Teams,Repaired Teams installation and set Teams as default handler for meeting links.
INC0063,Teams video not working,Camera not showing in Teams video calls. Device manager shows no issues.,2026-03-03,Medium,Resolved,Desktop Support,Microsoft Teams,Updated camera driver and cleared Teams cache.
INC0064,Teams crashing during calls,Teams application crashes mid-call. Other participants unaffected.,2026-03-04,High,Resolved,Desktop Support,Microsoft Teams,Cleared Teams cache and disabled GPU hardware acceleration.
INC0065,Cannot access Teams channels,User cannot see or access shared Teams channels after team restructure.,2026-03-05,Medium,Resolved,Cloud Team,Microsoft Teams,Re-added user to correct Teams and channels with appropriate permissions.
INC0066,Web browser not loading pages,Google Chrome fails to load any web pages. Shows ERR_INTERNET_DISCONNECTED.,2026-03-06,Medium,Resolved,Desktop Support,Dell Latitude 5520,Flushed DNS cache and reset Windows network stack.
INC0067,Cannot access company intranet,Internal website returns 403 forbidden for user.,2026-03-07,Medium,Resolved,Network Team,Web Server,Updated proxy exception list and cleared browser proxy settings.
INC0068,SSL certificate error on website,Browser shows certificate error for internal web application.,2026-03-08,High,Resolved,Security Team,Web Server,Renewed SSL certificate and deployed to web server.
INC0069,Website keeps redirecting,Internal site redirects to wrong URL. Infinite redirect loop.,2026-03-09,Medium,Resolved,Cloud Team,Web Server,Fixed IIS redirect rules and cleared browser cache.
INC0070,Browser extension blocking site,Approved website blocked by browser security extension.,2026-03-10,Low,Resolved,Desktop Support,Web Server,Added site to extension allowlist via group policy.
INC0071,External hard drive not recognised,USB external hard drive not showing in Windows Explorer.,2026-03-11,Low,Resolved,Desktop Support,Dell Latitude 5520,Updated USB driver and initialised drive in Disk Management.
INC0072,USB device not working,USB device plugged in but Windows shows device not recognised error.,2026-03-12,Low,Resolved,Desktop Support,Dell Latitude 5520,Cleared USB driver registry entries and reinstalled controller driver.
INC0073,USB port not working,Front USB ports on desktop not functioning. Rear ports fine.,2026-03-13,Low,Resolved,Desktop Support,Dell Latitude 5520,Replaced internal USB header cable that had come loose.
INC0074,Cannot copy files to USB drive,Files fail to copy to USB drive. Error: device not ready.,2026-03-14,Low,Resolved,Desktop Support,Dell Latitude 5520,Formatted USB drive and updated removable media policy.
INC0075,Bluetooth device not pairing,Bluetooth headset cannot pair with laptop. Pairing fails every time.,2026-03-15,Low,Resolved,Desktop Support,Dell Latitude 5520,Updated Bluetooth driver and cleared paired device list.
INC0076,Email attachment blocked by security,Email with PDF attachment blocked by email security gateway.,2026-03-16,Medium,Resolved,Security Team,Microsoft Exchange,Whitelisted sender domain and re-delivered blocked message.
INC0077,Spam emails getting through,Large volume of phishing emails bypassing spam filter.,2026-03-17,High,Resolved,Security Team,Microsoft Exchange,Updated spam filter rules and enabled advanced threat protection.
INC0078,Cannot send email externally,Outbound emails to external recipients bouncing with relay denied error.,2026-03-18,High,Resolved,Network Team,Microsoft Exchange,Fixed mail relay configuration and updated SPF DNS record.
INC0079,Email flagged as phishing incorrectly,Legitimate vendor email flagged as phishing and quarantined.,2026-03-19,Medium,Resolved,Security Team,Microsoft Exchange,Released email from quarantine and added vendor to safe senders list.
INC0080,Distribution list not receiving emails,Emails sent to department distribution list not reaching members.,2026-03-20,High,Resolved,Cloud Team,Microsoft Exchange,Rebuilt distribution list membership and corrected SMTP address.
INC0081,Two-factor authentication locked out,User locked out after losing access to authenticator app.,2026-03-21,Critical,Resolved,Security Team,Active Directory,Verified identity via manager approval and reset MFA registration.
INC0082,Cannot setup MFA on new phone,MFA app setup failing on new smartphone. QR code scan not working.,2026-03-22,Medium,Resolved,Security Team,Active Directory,Provided manual entry code and completed MFA registration.
INC0083,MFA token expired,Time-based MFA tokens expiring too quickly. Clock sync issue.,2026-03-23,High,Resolved,Security Team,Active Directory,Synced device clock with NTP server. Tokens now valid.
INC0084,Authenticator app removed from phone,User factory reset phone and lost MFA authenticator setup.,2026-03-24,High,Resolved,Security Team,Active Directory,Re-enrolled user in MFA after identity verification.
INC0085,Security token not working,Hardware security token not accepted by system. Getting invalid token error.,2026-03-25,High,Resolved,Security Team,Active Directory,Resynchronised hardware token with authentication server.
INC0086,OneDrive sync paused,OneDrive shows sync paused and files not uploading to cloud.,2026-03-26,Medium,Resolved,Cloud Team,Microsoft OneDrive,Re-authenticated OneDrive with corporate credentials and resumed sync.
INC0087,OneDrive storage full,OneDrive quota exceeded. Cannot save new files to cloud.,2026-03-27,Medium,Resolved,Cloud Team,Microsoft OneDrive,Cleared old files and increased user storage allocation to 1TB.
INC0088,Files not syncing to OneDrive,Documents saved locally not appearing in OneDrive cloud.,2026-03-28,Medium,Resolved,Cloud Team,Microsoft OneDrive,Reset OneDrive sync client and re-established folder sync.
INC0089,OneDrive conflict copies appearing,Duplicate conflict copies appearing for shared OneDrive files.,2026-03-29,Low,Resolved,Cloud Team,Microsoft OneDrive,Resolved conflicts manually and configured co-authoring settings.
INC0090,Cannot access OneDrive from browser,OneDrive web portal returns access denied for user.,2026-03-30,Medium,Resolved,Cloud Team,Microsoft OneDrive,Fixed Microsoft 365 licence assignment and cleared SSO token cache.
